CustomerID,Age,Gender,Category,AnnualIncome,PurchaseAmount,SatisfactionScore,Churn
CUST_1000,56,Female,Books,55504.53,112.56,2,0
CUST_1001,69,Male,Home & Kitchen,20000.0,247.96,5,0
CUST_1002,46,Male,Beauty,67515.02,231.27,4,0
CUST_1003,32,Male,Books,64716.04,329.66,5,0
CUST_1004,60,Male,Books,47759.0,69.66,5,0
CUST_1005,25,Male,Electronics,66900.0,60.94,3,0
CUST_1006,38,Male,Electronics,43494.71,181.08,1,0
CUST_1007,56,Male,Beauty,71596.8,82.69,3,0
CUST_1008,36,Male,Books,117658.49,25.99,4,1
CUST_1009,40,Female,Clothing,28887.89,54.89,2,1
CUST_1010,28,Female,Electronics,54675.16,80.07,2,1
CUST_1011,28,Female,Beauty,51469.9,56.52,4,0
CUST_1012,41,Female,Books,56334.8,63.45,1,1
CUST_1013,53,Female,Books,85398.49,56.74,2,1
CUST_1014,57,Male,Clothing,75856.53,20.09,3,0
CUST_1015,41,Female,Beauty,81975.33,136.63,1,0
CUST_1016,20,Female,Books,65609.91,124.15,3,0
CUST_1017,39,Female,Electronics,38558.01,142.14,4,0
CUST_1018,19,Male,Clothing,42706.29,40.63,4,0
CUST_1019,41,Male,Beauty,79925.19,57.06,5,0
CUST_1020,61,Male,Clothing,68416.64,130.99,4,0
CUST_1021,47,Male,Electronics,90204.15,124.84,4,1
CUST_1022,55,Female,Beauty,70865.24,99.71,3,0
CUST_1023,19,Female,Clothing,41339.7,66.77,5,0
CUST_1024,38,Male,Home & Kitchen,54561.96,307.93,5,0
CUST_1025,50,Female,Electronics,76296.28,64.82,5,0
CUST_1026,29,Female,Electronics,79206.65,87.97,4,0
CUST_1027,39,Male,Electronics,82102.17,151.03,2,0
CUST_1028,61,Male,Home & Kitchen,44029.52,108.97,3,0
CUST_1029,42,Male,Home & Kitchen,40979.4,66.12,1,1
CUST_1030,66,Male,Books,61203.95,83.65,5,0
CUST_1031,44,Male,Clothing,93801.47,204.87,4,0
CUST_1032,59,Male,Books,51122.63,54.11,4,0
CUST_1033,45,Male,Clothing,74099.44,33.41,3,0
CUST_1034,33,Male,Home & Kitchen,74101.22,60.08,5,0
CUST_1035,32,Female,Home & Kitchen,80215.45,242.28,3,0
CUST_1036,64,Male,Books,98288.81,26.18,1,1
CUST_1037,68,Female,Beauty,96238.13,589.92,3,1
CUST_1038,61,Male,Books,53107.88,108.45,4,1
CUST_1039,69,Female,Clothing,23042.09,517.74,4,0
CUST_1040,20,Male,Books,51429.41,350.62,5,0
CUST_1041,54,Male,Electronics,66513.45,87.36,2,1
CUST_1042,68,Female,Clothing,57767.09,41.55,4,0
CUST_1043,24,Female,Clothing,104357.98,36.62,4,0
CUST_1044,38,Female,Beauty,65375.61,47.93,3,0
CUST_1045,26,Male,Home & Kitchen,78074.24,163.6,5,1
CUST_1046,56,Male,Clothing,69344.29,53.25,4,0
CUST_1047,35,Female,Home & Kitchen,58067.34,65.12,4,0
CUST_1048,21,Female,Books,26503.77,86.47,5,0
CUST_1049,42,Female,Electronics,63427.65,308.34,4,0
CUST_1050,31,Female,Beauty,130092.95,40.2,3,0
CUST_1051,67,Male,Home & Kitchen,40110.83,15.6,4,0
CUST_1052,26,Female,Clothing,28702.54,22.44,3,0
CUST_1053,43,Male,Home & Kitchen,103727.79,297.17,3,0
CUST_1054,19,Male,Clothing,79841.66,140.13,1,0
CUST_1055,37,Male,Home & Kitchen,68748.4,53.27,4,0
CUST_1056,45,Female,Clothing,92253.48,38.4,4,0
CUST_1057,64,Male,Books,48369.96,56.82,3,0
CUST_1058,24,Male,Clothing,62868.1,29.63,4,0
CUST_1059,61,Female,Clothing,84103.08,355.71,5,0
CUST_1060,25,Male,Electronics,107207.09,199.01,2,1
CUST_1061,64,Female,Clothing,41629.11,89.47,3,0
CUST_1062,52,Male,Electronics,90614.69,255.26,4,1
CUST_1063,31,Female,Beauty,72636.78,49.44,3,0
CUST_1064,34,Female,Electronics,68261.22,166.53,4,0
CUST_1065,53,Male,Books,64845.42,247.66,2,0
CUST_1066,67,Male,Electronics,37307.07,67.95,4,0
CUST_1067,57,Male,Beauty,84261.78,184.99,4,0
CUST_1068,21,Male,Books,49354.62,56.96,4,0
CUST_1069,19,Female,Home & Kitchen,43406.19,57.61,5,0
CUST_1070,23,Male,Home & Kitchen,82709.18,28.59,5,1
CUST_1071,59,Female,Electronics,80782.68,84.59,4,1
CUST_1072,21,Male,Electronics,66580.0,171.99,4,0
CUST_1073,46,Female,Beauty,86590.87,353.05,1,1
CUST_1074,35,Female,Beauty,93518.73,126.1,4,1
CUST_1075,43,Female,Clothing,91164.48,253.65,1,0
CUST_1076,61,Male,Beauty,54434.42,222.45,5,0
CUST_1077,51,Male,Clothing,85282.1,37.84,3,0
CUST_1078,27,Male,Books,69232.82,94.82,4,0
CUST_1079,53,Female,Electronics,99518.16,29.92,3,1
CUST_1080,31,Female,Books,62525.43,152.54,4,1
CUST_1081,48,Female,Beauty,57870.57,374.25,5,0
CUST_1082,65,Male,Books,52724.06,32.69,3,0
CUST_1083,32,Female,Books,68785.76,173.86,5,0
CUST_1084,25,Female,Books,74334.51,135.04,3,0
CUST_1085,31,Male,Beauty,74719.25,120.13,4,0
CUST_1086,40,Male,Books,71983.45,74.34,5,0
CUST_1087,57,Female,Clothing,78420.74,67.65,3,0
CUST_1088,38,Female,Beauty,60549.16,20.56,5,1
CUST_1089,33,Female,Books,47549.69,44.49,2,1
CUST_1090,62,Male,Beauty,45803.44,16.84,1,1
CUST_1091,35,Female,Home & Kitchen,84501.02,119.51,5,0
CUST_1092,64,Male,Clothing,74406.45,28.43,1,0
CUST_1093,41,Male,Books,27883.24,262.65,5,0
CUST_1094,43,Male,Home & Kitchen,86935.07,103.86,5,0
CUST_1095,42,Female,Home & Kitchen,102608.7,159.35,2,1
CUST_1096,62,Female,Beauty,50681.66,78.49,4,0
CUST_1097,58,Female,Home & Kitchen,71723.2,113.68,2,1
CUST_1098,46,Male,Clothing,55530.84,358.05,3,0
CUST_1099,32,Female,Clothing,77566.14,25.36,1,0
CUST_1100,62,Male,Electronics,41679.82,50.15,3,0
CUST_1101,18,Female,Clothing,63571.09,196.69,3,0
CUST_1102,42,Male,Home & Kitchen,84626.28,27.48,3,1
CUST_1103,24,Male,Clothing,89714.23,24.44,5,0
CUST_1104,26,Male,Beauty,73529.92,68.84,5,1
CUST_1105,41,Male,Electronics,58219.09,26.6,4,1
CUST_1106,18,Female,Home & Kitchen,33147.98,120.56,4,0
CUST_1107,61,Female,Electronics,49849.01,45.78,5,0
CUST_1108,25,Male,Home & Kitchen,55614.53,286.26,3,0
CUST_1109,41,Female,Beauty,51045.32,198.62,4,0
CUST_1110,28,Male,Electronics,66191.06,159.36,5,0
CUST_1111,68,Female,Books,58162.25,130.15,3,0
CUST_1112,34,Female,Home & Kitchen,68442.43,253.94,4,0
CUST_1113,25,Female,Books,89052.55,45.29,5,1
CUST_1114,52,Male,Electronics,56870.76,262.73,5,0
CUST_1115,52,Female,Books,37342.66,201.99,4,0
CUST_1116,50,Female,Books,50965.85,180.48,3,0
CUST_1117,22,Male,Electronics,76671.77,113.86,3,0
CUST_1118,59,Male,Beauty,78558.88,48.92,1,0
CUST_1119,56,Female,Books,73121.7,81.1,4,0
CUST_1120,58,Female,Books,91014.75,204.34,1,0
CUST_1121,45,Female,Beauty,61272.74,18.88,5,0
CUST_1122,24,Female,Books,106043.32,197.82,2,0
CUST_1123,26,Female,Books,81363.74,47.94,2,1
CUST_1124,25,Male,Books,20000.0,33.7,4,0
CUST_1125,29,Male,Clothing,101013.17,29.76,4,1
CUST_1126,51,Male,Beauty,49660.27,18.32,2,1
CUST_1127,50,Female,Books,44317.98,103.98,3,0
CUST_1128,65,Male,Beauty,75475.42,44.55,4,0
CUST_1129,40,Female,Home & Kitchen,30236.39,560.99,3,0
CUST_1130,41,Female,Home & Kitchen,51090.62,117.52,2,0
CUST_1131,54,Female,Books,96141.97,32.8,5,0
CUST_1132,52,Male,Beauty,76124.35,155.06,4,0
CUST_1133,61,Female,Beauty,81244.8,288.63,1,1
CUST_1134,57,Male,Beauty,51861.79,179.06,5,1
CUST_1135,39,Female,Clothing,34232.6,24.54,5,0
CUST_1136,44,Male,Home & Kitchen,79136.35,286.47,4,0
CUST_1137,52,Male,Beauty,83605.12,204.54,4,0
CUST_1138,18,Female,Beauty,82699.87,35.68,5,1
CUST_1139,52,Male,Clothing,69181.38,21.38,5,1
CUST_1140,54,Male,Clothing,45658.64,112.79,4,0
CUST_1141,64,Female,Beauty,113755.39,35.36,3,0
CUST_1142,31,Female,Electronics,74595.75,230.92,4,0
CUST_1143,20,Female,Beauty,61522.27,68.24,4,0
CUST_1144,18,Female,Beauty,61611.02,307.87,2,0
CUST_1145,22,Female,Clothing,67991.95,115.08,3,1
CUST_1146,43,Male,Clothing,86392.17,39.21,5,0
CUST_1147,31,Male,Beauty,68792.56,33.04,4,1
CUST_1148,56,Male,Beauty,82170.26,118.1,3,0
CUST_1149,44,Female,Beauty,68027.95,187.2,4,0
CUST_1150,26,Female,Clothing,62752.92,197.52,2,1
CUST_1151,32,Male,Beauty,77825.01,53.72,3,0
CUST_1152,32,Male,Beauty,77065.72,42.42,4,0
CUST_1153,43,Female,Books,61607.32,17.03,3,1
CUST_1154,59,Male,Electronics,50015.86,151.43,2,1
CUST_1155,30,Female,Home & Kitchen,71834.58,24.56,5,0
CUST_1156,68,Female,Electronics,66566.97,80.52,3,0
CUST_1157,49,Female,Books,53902.57,125.46,3,0
CUST_1158,56,Male,Home & Kitchen,48151.99,346.96,5,0
CUST_1159,66,Female,Beauty,73209.52,59.84,4,0
CUST_1160,69,Female,Books,76001.9,49.49,4,0
CUST_1161,49,Female,Beauty,57799.36,142.41,5,0
CUST_1162,21,Female,Clothing,53401.26,130.87,2,1
CUST_1163,47,Female,Books,48394.9,63.44,4,0
CUST_1164,54,Female,Clothing,72645.1,330.9,4,0
CUST_1165,40,Male,Books,48920.46,238.61,5,0
CUST_1166,56,Female,Books,109822.69,45.43,4,1
CUST_1167,62,Female,Clothing,56794.37,47.8,4,0
CUST_1168,32,Male,Home & Kitchen,20000.0,101.17,4,0
CUST_1169,60,Female,Electronics,64396.57,193.24,4,0
CUST_1170,46,Female,Beauty,63539.33,20.4,4,1
CUST_1171,53,Female,Books,87234.37,156.84,4,0
CUST_1172,30,Male,Beauty,70762.52,140.38,4,0
CUST_1173,49,Male,Clothing,48323.3,46.59,4,0
CUST_1174,24,Female,Beauty,59272.16,152.24,4,1
CUST_1175,68,Female,Clothing,71548.4,352.98,4,0
CUST_1176,39,Male,Beauty,21705.71,20.75,5,1
CUST_1177,45,Female,Electronics,91772.43,61.22,4,0
CUST_1178,19,Female,Electronics,48376.6,84.19,5,1
CUST_1179,59,Female,Electronics,93340.88,290.43,5,0
CUST_1180,62,Female,Electronics,72849.3,408.25,4,0
CUST_1181,23,Male,Electronics,77591.88,85.46,4,0
CUST_1182,45,Male,Electronics,87988.47,181.37,5,0
CUST_1183,45,Male,Clothing,76462.64,106.03,4,0
CUST_1184,61,Female,Books,78457.72,107.61,5,0
CUST_1185,61,Male,Beauty,61711.67,54.1,4,0
CUST_1186,37,Male,Electronics,72443.37,44.35,4,0
CUST_1187,47,Male,Clothing,53250.04,55.76,3,0
CUST_1188,28,Female,Clothing,58131.78,112.52,3,0
CUST_1189,45,Female,Clothing,104293.9,18.55,5,0
CUST_1190,42,Male,Books,48836.13,300.34,4,0
CUST_1191,56,Male,Beauty,68086.34,35.39,4,0
CUST_1192,50,Female,Books,67269.38,44.83,5,0
CUST_1193,18,Male,Home & Kitchen,58784.91,102.65,4,0
CUST_1194,44,Male,Clothing,75288.02,163.59,4,0
CUST_1195,69,Male,Home & Kitchen,76794.44,27.08,4,0
CUST_1196,30,Male,Electronics,46483.62,60.87,4,0
CUST_1197,58,Male,Electronics,67027.13,430.6,2,0
CUST_1198,20,Female,Books,43352.65,51.51,4,0
CUST_1199,56,Male,Beauty,80770.97,60.06,4,0
CUST_1200,23,Female,Home & Kitchen,68529.75,232.31,3,1
CUST_1201,25,Male,Beauty,66646.6,21.18,4,1
CUST_1202,44,Female,Books,78180.63,89.97,3,1
CUST_1203,26,Female,Electronics,59489.79,72.29,2,0
CUST_1204,54,Male,Beauty,83280.44,60.68,3,0
CUST_1205,50,Female,Beauty,46031.1,55.37,1,1
CUST_1206,68,Male,Electronics,93237.53,26.5,4,0
CUST_1207,59,Female,Home & Kitchen,53981.78,60.37,5,0
CUST_1208,61,Male,Electronics,31076.42,20.28,4,1
CUST_1209,41,Male,Beauty,58429.3,197.22,3,0
CUST_1210,32,Male,Home & Kitchen,56160.64,75.95,2,0
CUST_1211,49,Female,Home & Kitchen,58278.52,85.42,3,0
CUST_1212,49,Female,Electronics,69632.96,283.86,4,0
CUST_1213,41,Female,Beauty,86956.85,143.77,3,0
CUST_1214,58,Male,Books,61165.88,15.97,4,1
CUST_1215,69,Female,Beauty,51167.65,359.13,3,0
CUST_1216,66,Male,Clothing,42469.06,47.48,5,0
CUST_1217,66,Female,Books,55636.34,28.66,3,1
CUST_1218,69,Male,Home & Kitchen,27243.5,190.39,3,1
CUST_1219,29,Male,Books,50497.34,98.29,5,0
CUST_1220,56,Male,Home & Kitchen,89881.08,83.25,3,0
CUST_1221,19,Male,Home & Kitchen,48532.82,49.44,2,1
CUST_1222,20,Female,Books,77574.32,110.15,4,0
CUST_1223,66,Male,Home & Kitchen,40470.36,53.49,4,0
CUST_1224,54,Female,Home & Kitchen,100421.92,293.23,4,0
CUST_1225,66,Male,Clothing,101752.13,44.08,3,0
CUST_1226,34,Female,Beauty,76820.43,273.87,3,1
CUST_1227,66,Male,Beauty,104825.05,113.36,3,0
CUST_1228,19,Male,Clothing,72115.86,226.57,2,1
CUST_1229,19,Female,Books,80370.34,164.73,5,1
CUST_1230,45,Male,Electronics,90238.68,158.16,4,0
CUST_1231,40,Male,Electronics,68594.37,62.05,3,0
CUST_1232,54,Female,Electronics,33952.45,46.97,4,0
CUST_1233,49,Female,Clothing,80779.27,43.42,3,0
CUST_1234,50,Male,Clothing,55562.81,248.55,5,0
CUST_1235,18,Male,Home & Kitchen,57049.4,221.06,2,1
CUST_1236,36,Female,Electronics,70957.9,84.7,1,1
CUST_1237,19,Male,Books,76325.62,32.04,4,1
CUST_1238,61,Male,Books,68002.69,72.8,4,0
CUST_1239,43,Male,Electronics,77714.59,130.9,4,1
CUST_1240,49,Female,Electronics,50862.86,87.7,1,1
CUST_1241,23,Female,Electronics,64145.92,196.8,3,0
CUST_1242,49,Male,Clothing,81981.71,740.02,4,0
CUST_1243,21,Male,Clothing,100455.82,40.45,3,0
CUST_1244,28,Male,Clothing,107528.71,88.86,5,0
CUST_1245,34,Female,Beauty,73659.53,82.66,2,1
CUST_1246,55,Male,Books,81800.2,58.57,4,1
CUST_1247,41,Male,Books,104631.58,41.49,4,0
CUST_1248,22,Female,Home & Kitchen,51583.28,23.15,3,0
CUST_1249,69,Male,Clothing,77594.0,276.77,4,0
CUST_1250,51,Female,Beauty,80366.86,80.34,5,0
CUST_1251,23,Male,Beauty,93957.23,97.43,2,1
CUST_1252,39,Male,Books,42257.17,313.59,5,0
CUST_1253,28,Male,Clothing,46211.88,194.69,4,0
CUST_1254,65,Female,Home & Kitchen,65427.64,31.78,3,0
CUST_1255,33,Female,Clothing,72554.55,115.01,3,0
CUST_1256,50,Female,Electronics,87457.28,85.06,3,0
CUST_1257,26,Male,Clothing,75350.88,206.47,4,0
CUST_1258,23,Female,Electronics,61971.74,169.58,4,0
CUST_1259,33,Male,Electronics,73329.23,155.7,5,0
CUST_1260,46,Male,Home & Kitchen,71020.89,64.96,5,0
CUST_1261,20,Female,Books,99900.33,211.15,4,0
CUST_1262,37,Male,Clothing,68313.18,21.46,4,0
CUST_1263,53,Male,Electronics,57338.33,35.87,3,0
CUST_1264,36,Male,Clothing,73992.18,64.07,4,0
CUST_1265,43,Male,Books,68969.71,24.59,1,1
CUST_1266,20,Male,Books,33580.13,47.14,4,0
CUST_1267,36,Female,Beauty,64686.96,227.74,3,0
CUST_1268,37,Male,Books,62985.24,370.36,1,1
CUST_1269,49,Female,Home & Kitchen,54122.56,58.59,1,1
CUST_1270,24,Female,Electronics,85711.67,51.87,3,0
CUST_1271,69,Male,Beauty,49286.41,54.4,4,1
CUST_1272,58,Male,Home & Kitchen,74112.37,54.04,4,0
CUST_1273,50,Male,Clothing,62042.86,19.39,4,1
CUST_1274,57,Female,Electronics,67153.9,328.94,4,0
CUST_1275,56,Male,Books,73235.73,43.85,4,0
CUST_1276,35,Female,Electronics,38848.51,80.37,3,0
CUST_1277,57,Male,Clothing,68833.22,16.17,2,1
CUST_1278,18,Female,Beauty,110778.95,249.19,4,1
CUST_1279,28,Male,Beauty,33864.73,172.64,4,1
CUST_1280,45,Male,Beauty,63847.84,366.94,1,0
CUST_1281,42,Female,Books,87464.79,197.58,3,0
CUST_1282,67,Female,Home & Kitchen,71032.38,60.17,2,1
CUST_1283,40,Male,Home & Kitchen,78759.34,49.18,4,1
CUST_1284,48,Female,Electronics,20000.0,158.57,3,1
CUST_1285,47,Female,Books,76964.99,69.33,4,0
CUST_1286,59,Female,Beauty,49766.24,115.22,5,0
CUST_1287,52,Female,Beauty,71197.55,15.75,3,0
CUST_1288,24,Male,Clothing,64411.31,22.67,5,1
CUST_1289,33,Male,Clothing,110566.66,106.98,4,0
CUST_1290,43,Male,Beauty,75933.91,115.19,4,0
CUST_1291,65,Female,Beauty,62747.52,182.05,4,0
CUST_1292,69,Female,Books,34806.14,31.98,4,0
CUST_1293,66,Male,Home & Kitchen,67422.94,101.38,4,0
CUST_1294,19,Male,Clothing,81464.58,40.95,3,0
CUST_1295,18,Female,Home & Kitchen,63388.96,26.74,1,1
CUST_1296,65,Female,Books,54886.87,78.42,1,0
CUST_1297,29,Female,Beauty,53548.27,36.4,3,0
CUST_1298,22,Male,Home & Kitchen,75702.83,45.09,3,0
CUST_1299,54,Male,Beauty,80187.76,60.85,3,0
CUST_1300,49,Male,Beauty,92224.2,51.03,2,1
CUST_1301,26,Female,Electronics,45100.0,26.0,4,0
CUST_1302,58,Male,Home & Kitchen,75519.55,26.31,5,1
CUST_1303,52,Female,Home & Kitchen,62565.92,40.77,5,0
CUST_1304,36,Male,Beauty,63155.32,21.23,4,0
CUST_1305,65,Female,Books,73036.52,133.17,4,0
CUST_1306,33,Female,Electronics,73153.13,55.65,5,1
CUST_1307,20,Female,Beauty,75575.36,54.38,3,0
CUST_1308,37,Male,Clothing,43850.58,63.42,3,0
CUST_1309,41,Male,Clothing,50003.77,145.45,5,0
CUST_1310,50,Male,Electronics,94717.37,260.41,4,0
CUST_1311,41,Female,Books,60588.55,185.8,4,1
CUST_1312,69,Female,Beauty,71120.29,171.03,2,0
CUST_1313,28,Female,Home & Kitchen,86093.33,94.49,2,1
CUST_1314,66,Female,Electronics,74268.86,157.02,5,0
CUST_1315,25,Female,Books,75930.45,111.56,4,0
CUST_1316,53,Male,Home & Kitchen,82891.55,44.24,3,0
CUST_1317,55,Female,Clothing,22666.72,43.07,2,1
CUST_1318,57,Male,Clothing,55201.0,57.18,4,0
CUST_1319,37,Male,Home & Kitchen,74372.12,305.03,4,0
CUST_1320,52,Female,Electronics,92752.89,110.13,3,0
CUST_1321,65,Male,Clothing,66321.91,173.87,5,0
CUST_1322,42,Male,Beauty,48105.67,66.06,2,1
CUST_1323,52,Female,Home & Kitchen,48638.28,77.85,3,0
CUST_1324,42,Male,Home & Kitchen,82677.22,31.1,4,0
CUST_1325,46,Female,Clothing,60644.53,37.55,3,0
CUST_1326,35,Male,Electronics,64856.0,225.78,5,0
CUST_1327,63,Male,Beauty,77300.6,120.49,4,0
CUST_1328,35,Male,Electronics,20000.0,64.41,4,0
CUST_1329,19,Male,Books,105007.35,209.86,2,1
CUST_1330,52,Female,Books,50378.52,48.97,2,0
CUST_1331,33,Male,Clothing,69838.73,462.73,3,0
CUST_1332,58,Female,Clothing,30906.06,65.74,4,0
CUST_1333,53,Male,Clothing,56549.18,64.37,4,1
CUST_1334,50,Female,Books,89893.76,59.86,5,0
CUST_1335,21,Female,Electronics,26676.66,30.63,4,1
CUST_1336,50,Female,Electronics,87524.0,29.14,5,0
CUST_1337,31,Male,Clothing,59526.08,140.33,4,0
CUST_1338,38,Male,Beauty,74743.29,264.65,3,0
CUST_1339,65,Male,Electronics,78150.49,202.58,3,1
CUST_1340,37,Female,Books,73828.43,33.25,4,0
CUST_1341,25,Male,Home & Kitchen,47700.99,109.65,2,1
CUST_1342,24,Female,Home & Kitchen,57709.02,28.39,2,0
CUST_1343,20,Female,Home & Kitchen,35768.88,20.56,4,1
CUST_1344,34,Male,Beauty,74835.93,143.19,5,0
CUST_1345,50,Female,Clothing,99041.1,106.93,2,0
CUST_1346,65,Male,Books,28511.18,25.27,4,1
CUST_1347,29,Male,Beauty,49767.08,19.27,5,1
CUST_1348,68,Female,Books,61364.49,564.73,4,0
CUST_1349,39,Female,Books,68466.83,18.66,1,1
CUST_1350,39,Female,Clothing,82583.53,85.55,2,0
CUST_1351,63,Male,Home & Kitchen,61956.0,99.29,4,1
CUST_1352,47,Male,Clothing,58680.83,29.97,4,1
CUST_1353,55,Female,Beauty,87062.61,37.22,5,1
CUST_1354,55,Female,Beauty,78239.91,67.03,4,0
CUST_1355,62,Female,Beauty,75779.56,187.09,2,1
CUST_1356,68,Male,Clothing,67250.31,99.89,2,1
CUST_1357,25,Female,Books,84663.04,136.9,4,0
CUST_1358,44,Male,Books,51873.81,520.37,2,0
CUST_1359,44,Male,Electronics,49146.11,190.32,3,0
CUST_1360,51,Female,Beauty,79922.02,83.38,4,1
CUST_1361,38,Male,Books,32499.28,85.97,1,1
CUST_1362,47,Female,Electronics,66843.59,130.72,3,0
CUST_1363,50,Male,Books,58668.83,146.37,3,0
CUST_1364,45,Male,Beauty,36884.91,98.35,3,0
CUST_1365,64,Female,Home & Kitchen,46374.65,139.23,2,0
CUST_1366,50,Female,Beauty,62820.48,17.86,4,1
CUST_1367,22,Female,Clothing,85679.27,82.37,5,0
CUST_1368,65,Female,Books,51940.84,54.24,3,0
CUST_1369,36,Female,Books,89267.63,31.6,4,0
CUST_1370,21,Female,Clothing,66263.58,27.58,3,1
CUST_1371,52,Female,Clothing,91207.69,125.92,4,0
CUST_1372,66,Male,Home & Kitchen,52910.17,103.98,5,1
CUST_1373,34,Female,Books,64023.81,50.1,4,0
CUST_1374,61,Male,Books,72369.67,91.4,5,0
CUST_1375,45,Female,Home & Kitchen,61409.79,96.33,2,0
CUST_1376,47,Female,Electronics,84060.48,41.03,1,1
CUST_1377,46,Male,Home & Kitchen,20848.73,141.7,5,0
CUST_1378,63,Female,Beauty,113448.11,197.2,3,0
CUST_1379,23,Female,Books,82155.49,203.12,3,0
CUST_1380,52,Male,Clothing,61529.36,125.7,4,0
CUST_1381,58,Female,Beauty,53953.57,101.0,5,0
CUST_1382,54,Female,Books,47671.59,22.55,5,1
CUST_1383,41,Male,Home & Kitchen,77912.31,55.73,3,0
CUST_1384,46,Female,Beauty,84899.63,26.75,5,1
CUST_1385,66,Male,Books,61749.48,413.32,1,1
CUST_1386,63,Female,Electronics,87139.81,32.41,1,1
CUST_1387,48,Female,Electronics,46854.8,34.75,4,0
CUST_1388,52,Female,Clothing,43323.78,279.41,1,1
CUST_1389,50,Male,Books,101266.82,360.73,3,1
CUST_1390,69,Female,Electronics,76822.17,189.2,4,0
CUST_1391,38,Female,Home & Kitchen,92936.96,15.65,3,0
CUST_1392,49,Male,Books,47921.21,15.16,2,1
CUST_1393,40,Female,Home & Kitchen,46529.49,72.0,3,1
CUST_1394,50,Male,Home & Kitchen,57827.81,33.57,4,1
CUST_1395,20,Female,Electronics,48518.82,17.23,4,0
CUST_1396,35,Male,Books,79107.3,89.85,4,0
CUST_1397,42,Male,Beauty,49977.48,358.89,4,0
CUST_1398,59,Male,Electronics,41566.6,61.96,4,0
CUST_1399,48,Female,Electronics,67840.31,144.86,5,0
CUST_1400,20,Male,Books,39200.28,141.75,2,0
CUST_1401,57,Female,Books,29010.72,49.69,3,0
CUST_1402,63,Male,Home & Kitchen,67665.14,141.12,5,0
CUST_1403,41,Male,Books,30015.6,43.64,3,0
CUST_1404,67,Female,Home & Kitchen,80505.59,30.61,5,0
CUST_1405,49,Female,Electronics,37093.33,160.03,4,0
CUST_1406,64,Male,Clothing,20186.52,29.45,4,0
CUST_1407,39,Female,Beauty,59124.07,708.52,3,0
CUST_1408,40,Female,Electronics,67891.89,39.32,3,0
CUST_1409,19,Female,Books,74829.5,123.21,3,0
CUST_1410,44,Male,Beauty,68440.31,78.6,4,0
CUST_1411,59,Male,Clothing,43813.75,31.21,4,0
CUST_1412,19,Female,Clothing,79261.22,18.39,5,1
CUST_1413,43,Male,Home & Kitchen,84202.77,131.98,3,0
CUST_1414,34,Female,Beauty,40884.76,212.26,2,1
CUST_1415,57,Female,Home & Kitchen,61379.88,236.43,3,0
CUST_1416,50,Female,Electronics,59511.2,94.1,4,1
CUST_1417,26,Female,Beauty,69407.63,195.32,5,0
CUST_1418,60,Female,Electronics,60901.52,149.08,3,1
CUST_1419,65,Male,Home & Kitchen,63642.44,169.59,4,1
CUST_1420,56,Female,Beauty,77836.31,96.41,3,0
CUST_1421,46,Male,Home & Kitchen,42722.94,135.42,4,0
CUST_1422,59,Male,Beauty,79747.46,211.49,5,0
CUST_1423,43,Female,Home & Kitchen,87822.65,75.88,3,0
CUST_1424,52,Female,Clothing,97682.7,211.77,3,0
CUST_1425,67,Female,Home & Kitchen,22132.65,122.58,5,1
CUST_1426,42,Female,Clothing,61341.97,36.77,5,0
CUST_1427,41,Male,Home & Kitchen,25697.99,18.0,4,1
CUST_1428,30,Male,Beauty,20000.0,69.07,4,0
CUST_1429,24,Female,Beauty,67881.86,109.94,3,0
CUST_1430,53,Male,Beauty,57016.96,234.78,4,0
CUST_1431,62,Male,Books,70997.02,31.37,5,0
CUST_1432,37,Male,Electronics,74722.55,208.26,4,0
CUST_1433,18,Male,Beauty,89957.92,253.54,3,0
CUST_1434,25,Male,Clothing,66078.41,34.6,3,0
CUST_1435,63,Male,Beauty,123467.11,243.94,3,0
CUST_1436,33,Male,Books,71128.2,586.47,2,1
CUST_1437,31,Male,Clothing,101849.58,170.72,2,0
CUST_1438,29,Female,Books,20000.0,199.33,3,0
CUST_1439,68,Male,Clothing,91994.79,637.53,2,1
CUST_1440,40,Male,Home & Kitchen,61384.79,126.61,2,1
CUST_1441,32,Female,Electronics,26033.05,59.16,4,0
CUST_1442,45,Male,Electronics,73410.9,233.07,2,1
CUST_1443,51,Female,Books,58940.89,129.38,1,1
CUST_1444,19,Female,Electronics,76601.06,119.44,3,0
CUST_1445,49,Male,Books,85221.53,50.1,3,0
CUST_1446,40,Male,Books,35217.0,184.43,4,0
CUST_1447,39,Female,Books,85298.38,25.22,2,0
CUST_1448,68,Female,Electronics,65129.59,324.7,4,0
CUST_1449,42,Male,Books,92056.82,62.31,5,0
CUST_1450,39,Female,Electronics,60897.04,31.4,4,0
CUST_1451,39,Male,Books,55591.82,85.09,4,0
CUST_1452,66,Female,Beauty,65541.08,20.21,5,1
CUST_1453,69,Male,Books,67037.21,153.48,4,0
CUST_1454,59,Female,Clothing,51744.3,294.6,1,0
CUST_1455,23,Female,Books,55073.91,232.87,3,0
CUST_1456,32,Female,Home & Kitchen,40462.49,31.35,5,0
CUST_1457,60,Female,Books,56307.1,31.2,3,0
CUST_1458,54,Male,Clothing,78526.2,216.48,1,1
CUST_1459,50,Male,Clothing,62252.92,324.64,4,0
CUST_1460,25,Male,Electronics,85181.31,89.09,5,0
CUST_1461,61,Male,Beauty,61291.41,97.93,2,1
CUST_1462,61,Female,Books,36369.64,60.97,4,0
CUST_1463,22,Male,Electronics,76945.5,284.62,2,0
CUST_1464,56,Male,Beauty,51527.54,139.24,4,0
CUST_1465,21,Female,Books,60332.65,55.8,3,0
CUST_1466,23,Female,Home & Kitchen,89751.44,57.59,3,0
CUST_1467,62,Female,Books,41782.59,281.19,5,0
CUST_1468,49,Female,Clothing,68294.88,16.65,4,0
CUST_1469,69,Male,Clothing,64189.63,61.76,4,0
CUST_1470,47,Male,Home & Kitchen,79018.51,111.99,3,0
CUST_1471,64,Female,Electronics,82103.07,34.25,3,0
CUST_1472,52,Female,Beauty,70276.78,26.59,4,0
CUST_1473,57,Male,Books,57792.51,217.67,2,1
CUST_1474,69,Female,Clothing,74467.45,284.78,3,0
CUST_1475,33,Male,Electronics,91713.12,223.2,3,0
CUST_1476,30,Male,Home & Kitchen,64454.2,289.86,4,0
CUST_1477,67,Female,Clothing,59654.88,111.65,5,0
CUST_1478,59,Female,Home & Kitchen,72763.41,215.72,5,1
CUST_1479,47,Female,Books,65774.54,73.15,4,0
CUST_1480,36,Male,Beauty,38245.81,146.69,3,0
CUST_1481,34,Female,Clothing,69786.62,554.4,3,0
CUST_1482,36,Male,Clothing,38064.75,45.7,5,0
CUST_1483,45,Male,Books,72489.61,74.3,3,0
CUST_1484,43,Female,Electronics,49057.15,93.48,5,0
CUST_1485,54,Female,Beauty,65737.5,32.82,3,0
CUST_1486,43,Female,Clothing,72811.88,25.14,5,1
CUST_1487,40,Female,Beauty,114078.07,227.44,5,0
CUST_1488,26,Female,Clothing,79855.0,466.6,5,0
CUST_1489,29,Female,Beauty,92295.98,77.25,3,0
CUST_1490,18,Male,Home & Kitchen,102434.96,26.01,1,0
CUST_1491,18,Male,Clothing,74785.12,23.17,3,1
CUST_1492,64,Male,Beauty,70713.8,281.32,3,1
CUST_1493,51,Male,Electronics,43665.58,89.79,1,1
CUST_1494,49,Female,Home & Kitchen,62667.4,61.28,4,0
CUST_1495,65,Female,Home & Kitchen,50538.25,92.66,3,0
CUST_1496,42,Male,Electronics,56978.82,60.98,4,0
CUST_1497,57,Male,Beauty,102413.27,95.57,4,1
CUST_1498,62,Female,Books,67292.43,250.55,2,1
CUST_1499,18,Male,Electronics,47482.01,122.67,5,0
CUST_1500,33,Female,Beauty,92490.67,157.36,2,1
CUST_1501,56,Female,Electronics,84105.51,69.43,3,0
CUST_1502,22,Female,Electronics,85153.07,175.96,4,0
CUST_1503,39,Female,Clothing,24877.4,146.82,5,0
CUST_1504,46,Female,Beauty,103973.42,30.28,2,0
CUST_1505,20,Male,Books,53829.71,117.02,3,0
CUST_1506,29,Female,Clothing,80559.1,50.61,4,1
CUST_1507,43,Female,Electronics,115476.0,210.62,3,0
CUST_1508,33,Male,Electronics,108106.65,81.6,4,0
CUST_1509,68,Female,Electronics,45448.76,643.45,5,0
CUST_1510,54,Female,Beauty,36109.65,26.65,5,0
CUST_1511,39,Female,Beauty,93606.93,196.89,1,1
CUST_1512,46,Female,Clothing,67841.12,149.39,3,0
CUST_1513,31,Female,Books,54982.37,190.06,3,0
CUST_1514,45,Female,Clothing,77424.37,59.1,3,0
CUST_1515,22,Female,Home & Kitchen,61742.41,96.29,3,0
CUST_1516,64,Female,Electronics,79026.48,206.06,3,0
CUST_1517,66,Female,Electronics,66339.64,46.76,5,0
CUST_1518,47,Female,Electronics,79447.76,45.75,5,1
CUST_1519,63,Female,Clothing,47109.35,111.1,1,1
CUST_1520,69,Male,Clothing,93489.24,103.97,3,1
CUST_1521,22,Female,Electronics,78952.47,54.8,3,0
CUST_1522,29,Female,Clothing,77925.95,57.47,3,0
CUST_1523,33,Male,Beauty,42646.6,54.06,4,0
CUST_1524,43,Female,Beauty,98992.65,192.15,4,0
CUST_1525,43,Male,Clothing,64725.68,141.63,5,0
CUST_1526,65,Male,Electronics,79560.98,229.35,4,1
CUST_1527,38,Female,Clothing,58543.51,459.96,4,1
CUST_1528,56,Male,Clothing,70217.78,92.13,4,1
CUST_1529,53,Female,Clothing,70942.55,23.28,3,0
CUST_1530,50,Female,Home & Kitchen,20000.0,20.91,4,1
CUST_1531,47,Female,Beauty,76648.96,57.06,4,0
CUST_1532,54,Male,Books,104306.83,338.55,2,0
CUST_1533,40,Male,Books,75795.61,103.88,3,0
CUST_1534,27,Female,Home & Kitchen,45845.84,53.06,3,0
CUST_1535,22,Female,Clothing,77999.23,76.13,5,0
CUST_1536,53,Female,Home & Kitchen,86189.61,124.53,3,0
CUST_1537,51,Male,Home & Kitchen,75249.33,141.99,3,1
CUST_1538,69,Female,Electronics,63517.46,35.06,3,0
CUST_1539,48,Female,Beauty,60157.02,467.84,4,0
CUST_1540,27,Female,Books,60073.8,109.43,2,1
CUST_1541,36,Male,Clothing,78955.54,32.5,5,0
CUST_1542,49,Female,Books,36857.52,283.91,5,1
CUST_1543,18,Female,Books,57562.54,24.31,4,1
CUST_1544,22,Female,Beauty,96912.2,300.97,4,0
CUST_1545,62,Male,Books,97683.91,695.87,1,1
CUST_1546,21,Female,Books,35437.06,159.65,3,0
CUST_1547,33,Female,Home & Kitchen,42371.73,191.59,4,0
CUST_1548,41,Male,Beauty,59587.59,64.37,1,0
CUST_1549,33,Female,Electronics,82851.79,355.81,3,0
CUST_1550,19,Female,Clothing,28450.51,105.53,4,1
CUST_1551,66,Male,Books,63903.83,173.19,3,0
CUST_1552,45,Male,Clothing,55516.42,324.41,5,0
CUST_1553,49,Female,Electronics,91519.29,458.53,2,1
CUST_1554,44,Male,Clothing,31461.83,229.92,4,0
CUST_1555,37,Female,Electronics,66850.81,58.32,4,0
CUST_1556,41,Male,Home & Kitchen,57127.81,422.72,4,1
CUST_1557,29,Female,Books,94395.98,133.7,3,0
CUST_1558,67,Male,Electronics,76953.05,335.22,4,0
CUST_1559,52,Female,Clothing,53283.69,150.28,5,0
CUST_1560,50,Female,Books,82067.73,59.05,4,0
CUST_1561,50,Female,Home & Kitchen,57223.42,70.45,3,0
CUST_1562,68,Female,Books,84986.59,110.95,4,0
CUST_1563,60,Male,Electronics,60258.46,202.29,4,0
CUST_1564,54,Female,Home & Kitchen,86093.33,60.92,3,0
CUST_1565,29,Male,Clothing,73721.64,119.02,5,0
CUST_1566,20,Male,Home & Kitchen,130209.82,65.89,3,0
CUST_1567,18,Male,Home & Kitchen,63942.08,217.99,4,0
CUST_1568,50,Female,Beauty,72657.25,90.45,4,0
CUST_1569,57,Female,Home & Kitchen,55411.51,24.58,4,1
CUST_1570,27,Female,Home & Kitchen,65053.71,36.79,5,0
CUST_1571,60,Male,Books,20000.0,22.57,5,1
CUST_1572,61,Male,Clothing,74311.68,98.01,3,0
CUST_1573,46,Female,Books,91857.48,28.49,2,1
CUST_1574,30,Male,Books,72932.6,29.54,1,1
CUST_1575,29,Male,Electronics,38722.77,354.72,4,1
CUST_1576,48,Male,Books,48964.26,262.3,5,0
CUST_1577,63,Female,Beauty,20000.0,87.2,3,0
CUST_1578,19,Female,Beauty,84578.48,525.59,2,1
CUST_1579,68,Male,Electronics,44869.73,15.02,1,0
CUST_1580,67,Male,Clothing,64425.83,129.22,5,0
CUST_1581,52,Female,Clothing,61925.25,129.99,3,0
CUST_1582,40,Female,Books,94754.54,88.38,3,0
CUST_1583,34,Male,Books,66705.63,75.69,4,0
CUST_1584,43,Female,Books,81177.86,87.92,5,0
CUST_1585,25,Male,Clothing,75929.28,79.33,4,0
CUST_1586,46,Male,Home & Kitchen,92188.23,172.34,4,1
CUST_1587,43,Female,Beauty,60217.53,32.45,2,1
CUST_1588,27,Male,Home & Kitchen,102392.31,41.42,4,0
CUST_1589,43,Female,Home & Kitchen,25286.76,38.89,4,0
CUST_1590,51,Male,Clothing,82149.47,51.53,5,0
CUST_1591,68,Male,Home & Kitchen,47667.61,104.4,3,0
CUST_1592,58,Female,Electronics,55145.01,29.15,1,1
CUST_1593,24,Male,Books,76388.29,258.15,1,1
CUST_1594,21,Female,Electronics,76228.04,57.35,3,0
CUST_1595,67,Male,Beauty,77128.56,36.29,5,1
CUST_1596,62,Male,Books,37276.84,150.1,1,1
CUST_1597,28,Male,Home & Kitchen,93980.6,19.66,4,1
CUST_1598,46,Female,Beauty,46987.06,131.1,3,0
CUST_1599,53,Male,Books,49654.26,158.76,1,0
CUST_1600,42,Female,Home & Kitchen,77757.93,44.04,4,0
CUST_1601,38,Male,Electronics,59265.58,20.14,3,1
CUST_1602,53,Female,Books,71165.22,69.24,3,1
CUST_1603,27,Male,Home & Kitchen,21867.99,27.46,4,0
CUST_1604,54,Female,Electronics,70686.49,29.86,4,1
CUST_1605,26,Female,Beauty,69356.64,50.21,2,0
CUST_1606,41,Female,Beauty,54802.83,57.03,5,0
CUST_1607,52,Female,Beauty,23518.48,105.6,4,1
CUST_1608,66,Female,Beauty,60743.83,151.13,4,0
CUST_1609,52,Female,Clothing,64252.52,122.81,1,1
CUST_1610,65,Male,Books,57655.42,34.27,1,1
CUST_1611,53,Male,Books,28276.51,37.66,1,1
CUST_1612,35,Female,Clothing,96894.68,268.21,2,0
CUST_1613,66,Female,Home & Kitchen,52222.77,113.07,3,0
CUST_1614,56,Female,Home & Kitchen,60555.91,259.77,5,0
CUST_1615,49,Female,Beauty,20000.0,70.74,4,1
CUST_1616,41,Male,Electronics,96897.11,129.35,3,0
CUST_1617,40,Male,Home & Kitchen,55669.0,104.0,4,0
CUST_1618,49,Female,Electronics,66969.26,61.12,2,0
CUST_1619,54,Male,Books,87414.75,91.17,4,0
CUST_1620,29,Male,Electronics,51473.92,98.78,4,0
CUST_1621,66,Female,Books,84264.9,41.89,4,0
CUST_1622,30,Male,Clothing,23773.49,60.4,5,0
CUST_1623,40,Female,Clothing,76019.73,203.09,3,0
CUST_1624,42,Male,Beauty,96444.84,311.93,4,0
CUST_1625,52,Female,Home & Kitchen,53391.66,68.52,5,0
CUST_1626,58,Male,Beauty,87377.63,59.0,4,0
CUST_1627,47,Male,Books,101678.45,41.06,4,0
CUST_1628,34,Male,Beauty,59903.16,151.17,5,0
CUST_1629,66,Male,Electronics,58249.43,61.83,1,1
CUST_1630,37,Male,Books,47034.13,543.26,5,0
CUST_1631,65,Male,Clothing,54805.4,62.29,1,1
CUST_1632,42,Female,Home & Kitchen,48692.8,75.13,4,1
CUST_1633,39,Male,Books,47017.78,125.96,5,0
CUST_1634,30,Female,Books,88976.71,209.15,3,0
CUST_1635,36,Female,Electronics,49201.48,91.08,4,0
CUST_1636,66,Female,Home & Kitchen,70170.44,80.92,3,1
CUST_1637,53,Male,Clothing,65764.67,667.17,5,0
CUST_1638,29,Female,Books,94961.89,16.27,5,1
CUST_1639,58,Male,Books,54936.88,285.53,4,0
CUST_1640,36,Male,Electronics,72622.96,34.38,4,0
CUST_1641,29,Female,Beauty,80821.39,199.97,5,0
CUST_1642,26,Male,Clothing,94794.99,130.46,3,0
CUST_1643,24,Female,Home & Kitchen,54644.93,65.2,3,0
CUST_1644,45,Female,Books,52642.15,263.46,4,0
CUST_1645,31,Female,Books,43764.38,16.56,3,1
CUST_1646,48,Female,Clothing,109725.99,45.85,1,0
CUST_1647,69,Male,Beauty,92689.45,115.41,1,1
CUST_1648,36,Male,Books,64155.97,66.98,2,1
CUST_1649,64,Female,Clothing,103628.78,128.11,5,0
CUST_1650,33,Male,Electronics,62962.73,17.93,4,1
CUST_1651,22,Male,Beauty,79488.21,29.86,4,0
CUST_1652,52,Male,Home & Kitchen,65203.44,31.31,3,0
CUST_1653,29,Male,Books,72956.11,40.18,3,1
CUST_1654,42,Male,Clothing,70835.23,88.79,3,0
CUST_1655,69,Male,Electronics,56500.29,182.38,4,1
CUST_1656,38,Female,Home & Kitchen,86849.97,298.15,4,0
CUST_1657,53,Female,Clothing,79319.05,231.49,5,0
CUST_1658,40,Female,Clothing,85553.89,41.31,4,0
CUST_1659,33,Male,Home & Kitchen,71404.54,84.83,4,0
CUST_1660,56,Male,Electronics,46868.6,41.69,4,0
CUST_1661,62,Male,Electronics,99187.72,51.86,5,0
CUST_1662,59,Female,Beauty,59748.88,99.03,4,0
CUST_1663,56,Female,Books,72281.34,23.46,1,1
CUST_1664,31,Male,Home & Kitchen,77707.63,44.53,4,0
CUST_1665,48,Female,Home & Kitchen,72148.43,343.7,4,0
CUST_1666,22,Male,Home & Kitchen,83308.34,90.31,4,0
CUST_1667,52,Female,Electronics,86467.56,85.74,3,0
CUST_1668,40,Female,Books,60503.33,16.76,5,0
CUST_1669,46,Female,Beauty,97509.35,49.11,5,0
CUST_1670,60,Female,Clothing,59661.93,256.45,3,1
CUST_1671,28,Female,Clothing,71734.98,36.59,5,0
CUST_1672,35,Male,Home & Kitchen,57246.44,79.36,2,1
CUST_1673,64,Female,Books,51530.53,16.73,1,1
CUST_1674,29,Male,Electronics,85883.82,93.09,2,1
CUST_1675,26,Female,Books,127437.94,17.55,1,1
CUST_1676,27,Female,Books,57764.8,220.52,5,0
CUST_1677,61,Female,Electronics,89306.43,224.06,1,1
CUST_1678,34,Male,Home & Kitchen,58481.77,200.99,3,0
CUST_1679,55,Female,Books,64790.3,54.98,2,1
CUST_1680,24,Female,Clothing,100151.68,232.86,3,0
CUST_1681,63,Female,Electronics,43529.29,108.97,2,0
CUST_1682,30,Male,Beauty,38236.82,71.17,4,0
CUST_1683,57,Male,Home & Kitchen,63256.03,132.81,2,1
CUST_1684,59,Male,Electronics,78273.12,16.49,5,1
CUST_1685,26,Male,Beauty,74273.33,33.51,5,0
CUST_1686,67,Female,Beauty,72213.58,177.71,1,1
CUST_1687,44,Male,Books,65682.64,48.59,5,0
CUST_1688,19,Female,Books,80730.8,124.36,1,0
CUST_1689,22,Male,Books,20000.0,73.36,3,0
CUST_1690,46,Male,Electronics,49983.89,246.56,1,1
CUST_1691,54,Female,Electronics,63127.75,380.43,3,0
CUST_1692,55,Female,Home & Kitchen,79090.7,273.05,4,0
CUST_1693,36,Female,Books,94795.3,52.87,4,0
CUST_1694,25,Female,Beauty,47298.01,40.9,3,0
CUST_1695,65,Female,Clothing,94141.57,92.19,4,0
CUST_1696,62,Male,Home & Kitchen,55948.77,15.88,2,0
CUST_1697,18,Female,Electronics,62401.8,18.14,4,0
CUST_1698,39,Female,Home & Kitchen,76628.65,111.7,3,0
CUST_1699,69,Female,Home & Kitchen,60935.28,103.19,2,1
CUST_1700,34,Male,Home & Kitchen,87202.35,641.16,2,1
CUST_1701,24,Female,Home & Kitchen,56907.92,42.05,2,1
CUST_1702,42,Male,Clothing,57209.3,50.83,4,0
CUST_1703,62,Male,Books,86039.6,29.46,5,1
CUST_1704,21,Male,Beauty,49737.51,314.46,1,0
CUST_1705,53,Male,Home & Kitchen,69978.58,195.51,4,0
CUST_1706,23,Female,Home & Kitchen,31790.35,222.35,4,0
CUST_1707,48,Female,Home & Kitchen,101392.79,294.67,5,0
CUST_1708,36,Female,Books,89131.04,104.31,3,0
CUST_1709,61,Male,Electronics,120002.14,87.0,4,0
CUST_1710,56,Male,Electronics,91767.27,63.13,5,0
CUST_1711,44,Male,Clothing,42407.0,121.76,4,0
CUST_1712,27,Female,Electronics,78373.0,87.68,3,0
CUST_1713,43,Male,Home & Kitchen,46639.82,87.08,2,1
CUST_1714,36,Female,Home & Kitchen,96560.75,346.62,3,0
CUST_1715,56,Female,Home & Kitchen,42977.19,511.46,4,0
CUST_1716,20,Male,Clothing,42016.9,206.04,4,0
CUST_1717,62,Female,Home & Kitchen,32803.77,184.64,2,1
CUST_1718,30,Female,Electronics,55232.4,151.94,4,0
CUST_1719,67,Female,Books,51210.44,36.79,4,0
CUST_1720,45,Female,Books,39767.02,22.31,4,1
CUST_1721,37,Male,Beauty,104796.18,155.82,4,0
CUST_1722,45,Male,Electronics,75597.61,171.58,5,0
CUST_1723,25,Female,Home & Kitchen,73244.69,20.77,3,0
CUST_1724,58,Female,Books,96783.29,330.82,5,0
CUST_1725,56,Male,Electronics,70125.16,26.47,2,0
CUST_1726,18,Female,Books,50026.4,55.41,2,1
CUST_1727,20,Female,Home & Kitchen,30995.81,148.91,3,0
CUST_1728,30,Female,Books,48898.85,37.34,2,0
CUST_1729,45,Male,Beauty,95108.31,21.84,3,0
CUST_1730,66,Female,Beauty,39893.28,63.26,2,0
CUST_1731,42,Female,Books,72062.54,189.28,5,0
CUST_1732,50,Male,Electronics,85678.5,79.07,2,1
CUST_1733,55,Male,Electronics,70706.9,142.0,4,0
CUST_1734,23,Female,Electronics,72979.67,118.99,1,1
CUST_1735,61,Male,Books,78112.08,17.7,5,1
CUST_1736,62,Female,Electronics,72585.62,551.27,4,0
CUST_1737,49,Female,Home & Kitchen,97181.48,20.08,1,1
CUST_1738,62,Male,Beauty,44194.17,427.3,4,0
CUST_1739,64,Female,Home & Kitchen,69808.5,110.78,4,0
CUST_1740,38,Male,Electronics,28635.19,411.14,4,0
CUST_1741,33,Female,Home & Kitchen,23525.08,29.63,4,0
CUST_1742,38,Male,Electronics,63366.58,95.9,4,0
CUST_1743,28,Female,Books,75867.59,37.29,4,0
CUST_1744,54,Male,Home & Kitchen,97613.36,21.28,3,1
CUST_1745,53,Male,Books,113395.83,130.33,1,1
CUST_1746,52,Female,Books,91397.21,42.95,5,0
CUST_1747,36,Male,Clothing,79543.31,121.32,3,0
CUST_1748,37,Female,Electronics,68199.3,29.3,4,0
CUST_1749,35,Male,Beauty,34375.44,63.41,1,1
CUST_1750,64,Female,Electronics,62079.27,197.59,4,0
CUST_1751,58,Male,Beauty,90807.54,83.95,5,0
CUST_1752,66,Female,Electronics,82965.64,133.58,3,0
CUST_1753,31,Male,Books,39273.32,140.11,3,1
CUST_1754,32,Male,Home & Kitchen,77280.51,237.76,4,0
CUST_1755,48,Male,Home & Kitchen,75567.86,62.15,5,0
CUST_1756,18,Male,Clothing,71997.8,154.5,3,1
CUST_1757,20,Female,Beauty,64442.89,406.21,3,0
CUST_1758,33,Male,Beauty,78311.68,172.23,5,0
CUST_1759,40,Female,Beauty,78946.26,95.77,4,0
CUST_1760,28,Male,Books,52170.82,134.54,2,0
CUST_1761,29,Male,Beauty,74100.28,176.5,1,0
CUST_1762,27,Female,Home & Kitchen,61212.1,128.7,4,0
CUST_1763,49,Female,Books,35255.32,17.02,3,1
CUST_1764,33,Male,Electronics,53767.86,41.0,3,0
CUST_1765,25,Male,Beauty,33726.21,214.58,5,0
CUST_1766,55,Male,Beauty,84601.87,53.2,2,1
CUST_1767,29,Female,Electronics,72117.79,172.82,4,1
CUST_1768,41,Female,Beauty,57890.19,70.85,3,0
CUST_1769,45,Male,Electronics,93410.43,103.55,4,0
CUST_1770,25,Female,Books,66359.82,23.45,4,1
CUST_1771,45,Female,Home & Kitchen,36375.54,38.99,1,1
CUST_1772,53,Female,Electronics,56210.43,393.14,4,0
CUST_1773,43,Female,Clothing,97657.08,280.02,2,1
CUST_1774,25,Male,Electronics,51610.49,141.76,5,1
CUST_1775,67,Male,Beauty,70504.43,88.86,5,0
CUST_1776,45,Male,Books,79877.53,150.15,3,1
CUST_1777,45,Male,Books,76798.97,130.67,3,0
CUST_1778,54,Female,Electronics,113989.2,115.87,3,0
CUST_1779,58,Female,Home & Kitchen,41473.93,22.32,4,1
CUST_1780,53,Male,Clothing,43470.74,135.22,3,1
CUST_1781,44,Male,Books,41804.91,190.8,3,0
CUST_1782,34,Male,Beauty,59081.63,630.56,3,1
CUST_1783,26,Female,Beauty,86987.55,16.34,2,1
CUST_1784,50,Male,Home & Kitchen,44365.31,172.2,4,0
CUST_1785,37,Female,Books,87267.21,116.78,1,1
CUST_1786,30,Male,Electronics,65702.53,83.31,4,0
CUST_1787,45,Male,Beauty,42820.07,31.38,2,0
CUST_1788,65,Female,Home & Kitchen,29972.6,78.13,3,0
CUST_1789,46,Female,Books,34448.59,67.5,4,0
CUST_1790,30,Male,Books,51682.93,58.29,5,0
CUST_1791,63,Female,Books,61616.98,172.51,4,0
CUST_1792,52,Female,Books,91921.26,159.77,3,1
CUST_1793,23,Female,Books,80981.76,121.71,2,1
CUST_1794,35,Male,Beauty,48221.17,349.97,5,0
CUST_1795,68,Female,Home & Kitchen,73173.31,66.67,3,0
CUST_1796,22,Female,Books,98030.93,48.53,2,1
CUST_1797,64,Female,Clothing,102478.35,143.02,5,0
CUST_1798,42,Male,Clothing,58711.88,41.6,5,0
CUST_1799,19,Male,Home & Kitchen,84165.77,60.4,5,0
CUST_1800,27,Male,Electronics,92799.11,45.53,5,0
CUST_1801,47,Female,Electronics,34858.56,23.6,5,0
CUST_1802,67,Male,Electronics,54751.86,225.88,1,0
CUST_1803,62,Female,Clothing,109400.37,50.25,2,1
CUST_1804,22,Female,Electronics,58979.28,91.87,4,1
CUST_1805,50,Male,Beauty,20000.0,20.31,4,0
CUST_1806,18,Female,Books,62580.76,159.21,4,1
CUST_1807,35,Male,Clothing,87492.51,63.16,3,1
CUST_1808,49,Female,Home & Kitchen,65130.21,178.86,3,0
CUST_1809,64,Male,Home & Kitchen,79307.28,78.81,4,0
CUST_1810,66,Female,Books,83764.44,41.14,1,1
CUST_1811,28,Female,Clothing,57901.25,101.38,3,0
CUST_1812,38,Female,Electronics,54612.14,31.78,4,0
CUST_1813,43,Female,Electronics,68068.82,84.69,4,0
CUST_1814,42,Female,Beauty,68555.58,60.8,2,0
CUST_1815,39,Female,Beauty,66081.54,306.6,4,1
CUST_1816,44,Female,Electronics,66903.13,22.54,4,1
CUST_1817,66,Female,Home & Kitchen,50029.08,157.11,3,0
CUST_1818,30,Male,Home & Kitchen,80005.74,39.22,1,1
CUST_1819,50,Female,Beauty,76984.64,61.11,3,0
CUST_1820,51,Female,Books,38279.83,79.44,3,0
CUST_1821,58,Female,Electronics,57216.75,301.34,5,0
CUST_1822,52,Male,Beauty,66861.6,48.34,2,0
CUST_1823,18,Female,Beauty,54313.74,26.49,4,1
CUST_1824,38,Male,Electronics,77747.44,61.05,1,0
CUST_1825,65,Female,Electronics,63662.35,28.27,3,1
CUST_1826,23,Male,Home & Kitchen,68381.45,31.52,4,0
CUST_1827,45,Female,Books,56985.81,117.36,3,0
CUST_1828,34,Female,Books,25135.62,22.54,4,1
CUST_1829,22,Male,Electronics,23993.03,18.77,2,0
CUST_1830,48,Female,Clothing,76792.19,165.39,3,0
CUST_1831,22,Male,Beauty,70338.24,68.86,4,0
CUST_1832,55,Female,Beauty,73773.24,31.08,3,0
CUST_1833,20,Female,Electronics,67689.46,50.1,5,0
CUST_1834,40,Female,Clothing,69291.35,138.3,4,0
CUST_1835,54,Female,Home & Kitchen,84380.47,53.68,3,0
CUST_1836,54,Female,Electronics,73892.39,96.87,1,1
CUST_1837,27,Male,Electronics,85818.19,30.57,4,0
CUST_1838,27,Male,Beauty,68429.24,121.44,4,0
CUST_1839,36,Female,Electronics,58992.37,60.59,3,1
CUST_1840,34,Female,Electronics,68884.06,133.33,5,1
CUST_1841,38,Female,Electronics,48276.44,213.28,3,0
CUST_1842,31,Female,Beauty,57403.06,128.5,5,0
CUST_1843,26,Male,Home & Kitchen,68551.43,57.07,2,1
CUST_1844,63,Female,Home & Kitchen,68286.37,50.44,5,0
CUST_1845,18,Male,Electronics,62871.62,62.6,4,0
CUST_1846,68,Female,Beauty,37236.31,36.58,3,0
CUST_1847,62,Male,Home & Kitchen,77728.19,38.99,3,0
CUST_1848,30,Male,Home & Kitchen,81684.57,202.67,3,0
CUST_1849,21,Male,Home & Kitchen,97873.81,73.28,5,0
CUST_1850,18,Male,Beauty,73835.52,83.72,3,0
CUST_1851,66,Female,Beauty,65029.24,123.18,2,1
CUST_1852,57,Male,Electronics,44739.41,121.89,4,0
CUST_1853,49,Male,Books,94840.36,23.37,4,1
CUST_1854,51,Male,Home & Kitchen,69956.66,228.73,4,0
CUST_1855,45,Male,Books,68867.46,38.42,4,0
CUST_1856,48,Male,Beauty,59918.88,169.08,3,0
CUST_1857,25,Male,Beauty,58640.61,192.76,5,1
CUST_1858,56,Female,Beauty,78765.33,165.59,3,0
CUST_1859,43,Female,Books,44571.19,118.81,2,1
CUST_1860,51,Female,Beauty,97508.64,16.77,4,1
CUST_1861,20,Male,Electronics,93150.53,68.62,4,1
CUST_1862,67,Male,Beauty,57918.77,126.42,3,0
CUST_1863,29,Female,Clothing,47722.71,73.82,4,0
CUST_1864,18,Female,Books,24695.88,253.95,3,1
CUST_1865,61,Male,Clothing,39971.72,59.32,3,0
CUST_1866,22,Male,Beauty,79598.23,56.7,5,0
CUST_1867,47,Male,Electronics,71306.84,52.11,2,1
CUST_1868,47,Male,Home & Kitchen,74873.07,63.56,3,0
CUST_1869,34,Male,Beauty,28088.41,112.81,5,1
CUST_1870,65,Female,Electronics,57083.69,162.32,5,0
CUST_1871,64,Female,Books,92345.46,145.37,4,0
CUST_1872,40,Female,Clothing,63079.45,212.85,4,0
CUST_1873,32,Female,Clothing,39554.11,275.5,4,0
CUST_1874,54,Female,Clothing,62767.95,218.19,5,0
CUST_1875,38,Female,Books,49579.65,17.3,5,0
CUST_1876,31,Female,Electronics,71673.58,174.78,2,1
CUST_1877,19,Male,Books,65410.91,43.04,3,0
CUST_1878,28,Male,Clothing,75865.93,32.12,4,0
CUST_1879,68,Male,Beauty,40641.53,137.1,4,0
CUST_1880,56,Female,Home & Kitchen,56025.67,61.23,4,0
CUST_1881,55,Female,Books,86808.69,22.06,4,0
CUST_1882,51,Male,Books,37914.4,32.77,5,0
CUST_1883,55,Female,Electronics,44937.76,15.11,1,0
CUST_1884,67,Male,Electronics,68985.95,295.24,3,0
CUST_1885,51,Female,Books,70734.6,17.99,3,1
CUST_1886,35,Male,Clothing,55223.0,43.2,3,0
CUST_1887,47,Male,Home & Kitchen,59431.34,79.6,1,1
CUST_1888,32,Female,Electronics,75664.51,67.91,2,1
CUST_1889,44,Male,Clothing,81992.7,306.28,4,0
CUST_1890,68,Male,Beauty,43615.57,19.93,5,1
CUST_1891,51,Male,Electronics,72286.39,101.15,4,0
CUST_1892,69,Female,Clothing,95240.32,151.91,4,0
CUST_1893,55,Female,Clothing,62682.16,337.06,3,1
CUST_1894,50,Male,Home & Kitchen,43403.22,131.23,4,0
CUST_1895,41,Female,Home & Kitchen,42478.16,210.41,4,0
CUST_1896,32,Female,Beauty,61785.25,25.49,4,1
CUST_1897,47,Male,Clothing,85716.95,73.52,3,0
CUST_1898,59,Male,Clothing,64184.88,71.2,2,1
CUST_1899,68,Male,Home & Kitchen,68784.64,275.89,1,1
CUST_1900,34,Male,Electronics,45073.17,34.7,4,0
CUST_1901,22,Female,Electronics,84662.35,34.77,5,0
CUST_1902,46,Male,Books,42086.83,62.8,5,0
CUST_1903,21,Female,Home & Kitchen,54910.07,21.72,4,1
CUST_1904,27,Female,Books,77598.3,39.17,4,0
CUST_1905,34,Male,Home & Kitchen,24211.37,418.01,5,0
CUST_1906,27,Female,Beauty,68479.22,82.07,3,0
CUST_1907,34,Male,Clothing,44218.53,134.97,3,1
CUST_1908,37,Female,Beauty,65330.99,170.4,5,0
CUST_1909,41,Female,Home & Kitchen,57958.89,69.87,3,1
CUST_1910,22,Female,Clothing,107116.7,34.11,5,1
CUST_1911,51,Female,Electronics,57137.58,42.77,5,1
CUST_1912,23,Male,Electronics,101853.03,60.1,4,0
CUST_1913,19,Female,Books,76739.05,136.29,5,0
CUST_1914,30,Female,Home & Kitchen,48970.82,75.96,4,0
CUST_1915,60,Female,Home & Kitchen,71616.22,15.82,4,1
CUST_1916,60,Female,Electronics,58911.81,103.93,3,0
CUST_1917,65,Female,Beauty,69843.15,320.38,1,1
CUST_1918,28,Male,Clothing,50722.18,215.61,3,0
CUST_1919,68,Male,Beauty,98803.55,224.3,4,0
CUST_1920,64,Female,Beauty,83507.96,205.2,2,1
CUST_1921,40,Male,Electronics,65635.63,61.94,1,1
CUST_1922,33,Female,Electronics,99582.3,188.88,2,0
CUST_1923,48,Female,Electronics,66485.58,33.54,4,0
CUST_1924,28,Male,Books,86952.5,143.65,5,1
CUST_1925,33,Male,Beauty,65766.01,138.12,5,0
CUST_1926,25,Female,Home & Kitchen,72877.75,18.11,4,0
CUST_1927,21,Male,Clothing,63371.22,201.12,5,0
CUST_1928,57,Female,Books,66906.03,295.27,4,1
CUST_1929,21,Male,Home & Kitchen,68410.64,52.34,4,0
CUST_1930,42,Female,Beauty,51605.36,215.81,4,0
CUST_1931,20,Male,Electronics,56978.63,25.32,2,1
CUST_1932,49,Female,Beauty,60664.9,124.95,5,0
CUST_1933,20,Male,Clothing,69594.22,94.78,3,0
CUST_1934,44,Female,Books,64388.42,109.74,3,1
CUST_1935,46,Male,Books,88460.65,327.78,4,1
CUST_1936,49,Female,Clothing,81942.37,261.05,3,0
CUST_1937,67,Female,Home & Kitchen,61073.45,199.5,3,0
CUST_1938,68,Male,Home & Kitchen,92635.68,53.37,4,0
CUST_1939,36,Male,Books,102460.41,306.4,1,1
CUST_1940,38,Male,Books,24123.47,27.31,4,1
CUST_1941,22,Female,Electronics,83645.8,245.35,4,0
CUST_1942,35,Female,Home & Kitchen,51140.32,62.73,4,0
CUST_1943,45,Female,Clothing,81014.96,21.63,4,0
CUST_1944,59,Male,Home & Kitchen,89764.76,147.81,4,0
CUST_1945,39,Male,Electronics,47460.15,46.56,4,0
CUST_1946,38,Female,Books,27953.46,48.5,4,0
CUST_1947,23,Female,Books,81708.68,58.84,4,0
CUST_1948,18,Female,Electronics,67708.05,22.9,4,1
CUST_1949,22,Male,Clothing,31631.22,38.39,5,1
CUST_1950,58,Female,Books,115591.29,15.62,2,1
CUST_1951,29,Male,Beauty,77488.39,85.74,3,1
CUST_1952,43,Male,Books,78402.0,25.56,5,1
CUST_1953,63,Female,Beauty,92316.36,152.73,3,0
CUST_1954,51,Female,Electronics,53383.52,47.24,2,0
CUST_1955,66,Female,Electronics,67609.08,359.98,4,0
CUST_1956,31,Male,Books,38613.56,260.99,2,1
CUST_1957,43,Male,Home & Kitchen,52841.03,56.0,3,1
CUST_1958,62,Female,Beauty,72713.2,198.46,5,0
CUST_1959,44,Female,Clothing,31694.31,210.1,4,0
CUST_1960,26,Male,Books,52274.21,532.17,3,0
CUST_1961,43,Male,Clothing,46441.32,124.31,5,0
CUST_1962,64,Male,Books,67841.84,25.26,5,0
CUST_1963,39,Female,Home & Kitchen,76494.03,139.9,3,0
CUST_1964,64,Male,Home & Kitchen,79843.06,132.69,3,0
CUST_1965,47,Male,Home & Kitchen,84976.33,137.05,5,0
CUST_1966,60,Male,Home & Kitchen,92442.34,59.03,4,0
CUST_1967,65,Male,Electronics,77144.91,250.66,4,0
CUST_1968,34,Male,Electronics,102746.72,399.69,5,1
CUST_1969,43,Female,Beauty,67390.05,44.46,4,0
CUST_1970,53,Male,Clothing,61533.58,26.07,3,1
CUST_1971,18,Female,Books,77146.15,40.96,4,0
CUST_1972,25,Male,Books,60671.78,221.14,3,0
CUST_1973,66,Female,Electronics,102051.29,150.48,4,0
CUST_1974,52,Female,Books,87619.67,136.29,4,0
CUST_1975,69,Female,Electronics,80005.56,76.66,1,1
CUST_1976,32,Female,Beauty,67628.39,118.48,4,0
CUST_1977,64,Male,Clothing,56850.46,59.16,3,0
CUST_1978,39,Male,Beauty,79026.5,92.83,3,0
CUST_1979,31,Female,Home & Kitchen,42458.05,204.04,4,0
CUST_1980,43,Female,Home & Kitchen,95687.27,492.13,3,0
CUST_1981,45,Female,Home & Kitchen,61447.27,338.46,4,0
CUST_1982,40,Female,Beauty,71102.13,340.93,1,0
CUST_1983,31,Female,Books,46807.98,76.74,4,0
CUST_1984,41,Male,Clothing,79459.73,90.91,5,0
CUST_1985,19,Male,Home & Kitchen,55925.17,161.75,4,0
CUST_1986,62,Female,Home & Kitchen,77984.58,321.42,4,0
CUST_1987,43,Female,Home & Kitchen,80147.87,33.38,5,0
CUST_1988,31,Male,Clothing,52047.36,58.53,3,0
CUST_1989,68,Female,Home & Kitchen,42529.42,32.99,1,0
CUST_1990,24,Male,Clothing,95638.0,128.61,3,1
CUST_1991,20,Female,Home & Kitchen,61154.02,58.89,1,1
CUST_1992,64,Male,Beauty,69496.98,62.36,5,1
CUST_1993,40,Male,Beauty,74709.29,23.83,3,1
CUST_1994,63,Female,Clothing,39926.0,66.66,4,0
CUST_1995,60,Male,Beauty,74253.32,253.09,4,0
CUST_1996,64,Female,Clothing,66982.53,46.84,3,1
CUST_1997,62,Female,Beauty,52129.39,157.57,4,0
CUST_1998,35,Female,Beauty,41869.28,134.19,1,1
CUST_1999,55,Male,Clothing,77117.71,253.96,4,0
